Workbook

Sheet Overview
A1: LumaStay — Test Plan v2.1 (reference-based)
A2: Version / date | B2: 2.1 · 2026-10-16 · Adds TC-API-008…011: GET /health and GET /api/v1/destinations had no API cases in v2.0. Based on v2.0 (2026-09-10), which superseded v1.0 (code-based).
A3: Why v2 | B3: v1 used the source code as the oracle, so tests could only confirm current behaviour. v2 derives expected results from external oracles; the code is used only to know how to test (endpoints, payloads, data-testid).
A4: Oracle order | B4: 1) Regulations and standards (LFPC México, FTC 16 CFR 464, PCI DSS 4.0.1, NIST SP 800-63B-4, WCAG 2.2, RFC 9110, ISO 4217, ISO/IEC 7812). 2) Documented behaviour of Booking.com, Expedia Group and Despegar. 3) Consistency heuristics (CONS). 4) Product Owner decisions (PO-xx). See sheet "Oracles & PO Decisions".
A5: Description prefix | B5: [Behavior] = LumaStay has the capability; the case checks it is correct. [Gap] = capability missing; the case fails by design until built (track, do not hide). Oracle = rule source. Finding = related static finding (D/F/CD from Technical Specifications, N from User Stories v2) or "-".
A6: Scope | B6: Authentication, registration, session, search dates and occupancy, price display, filters, rooms and rate conditions, checkout totals, guest and payment data, booking and confirmation, My bookings, cancellation, modification, inventory integrity, API semantics, security and privacy, localization, accessibility.
A7: Out of scope | B7: Performance/load, real payment processors, native apps, flights/packages.
A8: Approach | B8: Risk-based: money (price, charge, refund), legal price display, inventory integrity and data exposure first (Must). API-first execution; DB for side effects; UI for rendering and journeys; network mocking only for UI rendering of states the UI cannot produce.
A9: Environment | B9: PostgreSQL (Docker), backend :4000, frontend :5173, Node.js 22/24/26, Playwright 1.63; Chromium primary, Firefox/WebKit smoke.
A10: Test data | B10: Seed catalogue and demo user qa@lumastay.app. STAY = 3 weekday nights starting ≥ 10 days from today; WKND = Thursday→Sunday. Compute dates at runtime; control time for cancellation deadlines.
A11: Entry criteria | B11: Backend health 200; data reset available; inventory horizon covers test dates; frontend API URL configurable; PO decisions PO-01..PO-11 confirmed or amended.
A12: Exit criteria | B12: All Must cases executed; Behavior failures reported with evidence and oracle reference; Gap cases linked to backlog items; no open Critical defects without risk acceptance.
A13: Known risks | B13: Seed inventory ended 2026-10-09 (seed.js: 180 days from 2026-04-13); as of 2026-10-16 the entry criterion "inventory horizon covers test dates" is not met for search, availability and booking cases until the seed is made relative (Tech Spec §11); hard-coded frontend API URL; shared data across parallel tests; PO values may change expected results.
... A15: How to use | B15: Edit only column H during execution. Summary recalculates. New cases: ID TC-<MODULE>-<NNN> and the Description prefix convention.

Sheet Test Cases
A1: ID | B1: TC Name | C1: TC Type (UI/API/DB) | D1: Description | E1: Step | F1: Expected result | G1: Module/Option | H1: Status
A2: TC-AUT-001 | B2: Unknown email and wrong password are indistinguishable | C2: API | D2: [Behavior] Oracle: REF-OWASP-01. Finding: -. Prevent account enumeration. | E2: 1. POST /auth/login with qa@lumastay.app and a wrong password. 2. POST /auth/login with nobody@lumastay.app and Password123!. 3. Compare status, body and response time order of magnitude. | F2: Both HTTP 401 with identical error code and message; no field-specific hint. | G2: Authentication | H2: Not run
A3: TC-AUT-002 | B3: Rate limiting after consecutive failures | C3: API | D3: [Behavior] Oracle: REF-NIST-01, REF-OWASP-01, PO-10. Finding: D-18. Brute-force protection. | E3: 1. Create a dedicated user. 2. Send 5 failed logins within 15 minutes. 3. Send a login with the correct password. | F3: HTTP 429 with retry information; attempts within limit behave normally. | G3: Authentication | H3: Not run
A4: TC-AUT-003 | B4: Rate limit resets after the window | C4: API | D4: [Behavior] Oracle: PO-10. Finding: D-18. Lockout must not be permanent. | E4: 1. Trigger rate limiting for a dedicated user. 2. Wait for (or simulate) the end of the window. 3. Log in with correct password. | F4: HTTP 200 after the window. | G4: Authentication | H4: Not run
A5: TC-AUT-004 | B5: Email is case-insensitive at login | C5: API | D5: [Behavior] Oracle: PO-11. Finding: D-13. Normalised identifiers. | E5: 1. POST /auth/login with "QA@LumaStay.App" and Password123!. | F5: HTTP 200; the same user id as with lower-case email. | G5: Authentication | H5: Not run
A6: TC-AUT-005 | B6: Leading/trailing spaces in email | C6: API | D6: [Behavior] Oracle: PO-11, CONS. Finding: -. Common input mistake from copy/paste. | E6: 1. POST /auth/login with " qa@lumastay.app " and correct password. | F6: HTTP 200 (email trimmed) or HTTP 400 with a clear message; never 401 "invalid credentials". | G6: Authentication | H6: Not run
A7: TC-AUT-006 | B7: Malformed email format | C7: API | D7: [Behavior] Oracle: REF-HTTP-01, PO-08. Finding: -. Input validation. | E7: 1. POST /auth/login with email "ana@". | F7: HTTP 400 with error envelope identifying the email field. | G7: Authentication | H7: Not run
A8: TC-AUT-007 | B8: Password not echoed in any response | C8: API | D8: [Behavior] Oracle: REF-OWASP-01. Finding: -. Data exposure. | E8: 1. Login successfully. 2. Inspect body and headers. | F8: No password or hash in body, headers or error details. | G8: Authentication | H8: Not run
A9: TC-AUT-008 | B9: Sign in from UI with labelled fields | C9: UI | D9: [Behavior] Oracle: REF-WCAG-01. Finding: F-10. Accessible names for credentials. | E9: 1. Open the sign-in screen. 2. Locate email and password by role/label (getByLabel). | F9: Both fields are found by their accessible label. | G9: Authentication | H9: Not run
A10: TC-AUT-009 | B10: Submit sign-in with Enter key | C10: UI | D10: [Behavior] Oracle: REF-WCAG-01 (2.1.1). Finding: F-10. Keyboard operability. | E10: 1. Type valid credentials. 2. Press Enter in the password field. | F10: User is signed in and lands on search. | G10: Authentication | H10: Not run
A11: TC-AUT-010 | B11: Failed sign-in message in UI | C11: UI | D11: [Behavior] Oracle: REF-OWASP-01, REF-WCAG-01 (3.3.1). Finding: -. Error identification. | E11: 1. Sign in with a wrong password. | F11: Generic error visible and announced (e.g., role=alert); password field cleared or kept consistently; no hint about which field failed. | G11: Authentication | H11: Not run
A12: TC-AUT-011 | B12: Password field masked with optional reveal | C12: UI | D12: [Behavior] Oracle: CONS. Finding: -. Credential confidentiality. | E12: 1. Inspect the password input. | F12: type="password"; if a reveal control exists it is operable by keyboard. | G12: Authentication | H12: Not run
... A174: TC-A11-005 | B174: Touch target size | C174: UI | D174: [Behavior] Oracle: REF-WCAG-01 (2.5.8). Finding: -. Target size minimum. | E174: 1. Measure steppers, filters and pay button on mobile. | F174: Targets at least 24x24 CSS px or sufficiently spaced. | G174: Accessibility & Responsive | H174: Not run

Sheet Summary
A1: Execution summary (formulas recalculate from "Test Cases")
A3: Module/Option | B3: Total | C3: UI | D3: API | E3: DB | F3: Not run | G3: Passed | H3: Failed | I3: Blocked | J3: Retest Passed | K3: Retest Failed | L3: Executed % | M3: Pass %
A4: Authentication | B4: =COUNTIFS('Test Cases'!$G$2:$G$670,$A4) -> 11 | C4: =COUNTIFS('Test Cases'!$G$2:$G$670,$A4,'Test Cases'!$C$2:$C$670,"UI") -> 4 | D4: =COUNTIFS('Test Cases'!$G$2:$G$670,$A4,'Test Cases'!$C$2:$C$670,"API") -> 7 | E4: =COUNTIFS('Test Cases'!$G$2:$G$670,$A4,'Test Cases'!$C$2:$C$670,"DB") -> 0 | F4: =COUNTIFS('Test Cases'!$G$2:$G$670,$A4,'Test Cases'!$H$2:$H$670,"Not run") -> 11 | G4: =COUNTIFS('Test Cases'!$G$2:$G$670,$A4,'Test Cases'!$H$2:$H$670,"Passed") -> 0 | H4: =COUNTIFS('Test Cases'!$G$2:$G$670,$A4,'Test Cases'!$H$2:$H$670,"Failed") -> 0 | I4: =COUNTIFS('Test Cases'!$G$2:$G$670,$A4,'Test Cases'!$H$2:$H$670,"Blocked") -> 0 | J4: =COUNTIFS('Test Cases'!$G$2:$G$670,$A4,'Test Cases'!$H$2:$H$670,"Retest Passed") -> 0 | K4: =COUNTIFS('Test Cases'!$G$2:$G$670,$A4,'Test Cases'!$H$2:$H$670,"Retest Failed") -> 0 | L4: =IF(B4=0,0,(B4-F4)/B4) -> 0 | M4: =IF((B4-F4)=0,0,(G4+J4)/(B4-F4)) -> 0
A5: Registration | B5: =COUNTIFS('Test Cases'!$G$2:$G$670,$A5) -> 12 | C5: =COUNTIFS('Test Cases'!$G$2:$G$670,$A5,'Test Cases'!$C$2:$C$670,"UI") -> 2 | D5: =COUNTIFS('Test Cases'!$G$2:$G$670,$A5,'Test Cases'!$C$2:$C$670,"API") -> 9 | E5: =COUNTIFS('Test Cases'!$G$2:$G$670,$A5,'Test Cases'!$C$2:$C$670,"DB") -> 1 | F5: =COUNTIFS('Test Cases'!$G$2:$G$670,$A5,'Test Cases'!$H$2:$H$670,"Not run") -> 12 | G5: =COUNTIFS('Test Cases'!$G$2:$G$670,$A5,'Test Cases'!$H$2:$H$670,"Passed") -> 0 | H5: =COUNTIFS('Test Cases'!$G$2:$G$670,$A5,'Test Cases'!$H$2:$H$670,"Failed") -> 0 | I5: =COUNTIFS('Test Cases'!$G$2:$G$670,$A5,'Test Cases'!$H$2:$H$670,"Blocked") -> 0 | J5: =COUNTIFS('Test Cases'!$G$2:$G$670,$A5,'Test Cases'!$H$2:$H$670,"Retest Passed") -> 0 | K5: =COUNTIFS('Test Cases'!$G$2:$G$670,$A5,'Test Cases'!$H$2:$H$670,"Retest Failed") -> 0 | L5: =IF(B5=0,0,(B5-F5)/B5) -> 0 | M5: =IF((B5-F5)=0,0,(G5+J5)/(B5-F5)) -> 0
A6: Session | B6: =COUNTIFS('Test Cases'!$G$2:$G$670,$A6) -> 4 | C6: =COUNTIFS('Test Cases'!$G$2:$G$670,$A6,'Test Cases'!$C$2:$C$670,"UI") -> 3 | D6: =COUNTIFS('Test Cases'!$G$2:$G$670,$A6,'Test Cases'!$C$2:$C$670,"API") -> 1 | E6: =COUNTIFS('Test Cases'!$G$2:$G$670,$A6,'Test Cases'!$C$2:$C$670,"DB") -> 0 | F6: =COUNTIFS('Test Cases'!$G$2:$G$670,$A6,'Test Cases'!$H$2:$H$670,"Not run") -> 4 | G6: =COUNTIFS('Test Cases'!$G$2:$G$670,$A6,'Test Cases'!$H$2:$H$670,"Passed") -> 0 | H6: =COUNTIFS('Test Cases'!$G$2:$G$670,$A6,'Test Cases'!$H$2:$H$670,"Failed") -> 0 | I6: =COUNTIFS('Test Cases'!$G$2:$G$670,$A6,'Test Cases'!$H$2:$H$670,"Blocked") -> 0 | J6: =COUNTIFS('Test Cases'!$G$2:$G$670,$A6,'Test Cases'!$H$2:$H$670,"Retest Passed") -> 0 | K6: =COUNTIFS('Test Cases'!$G$2:$G$670,$A6,'Test Cases'!$H$2:$H$670,"Retest Failed") -> 0 | L6: =IF(B6=0,0,(B6-F6)/B6) -> 0 | M6: =IF((B6-F6)=0,0,(G6+J6)/(B6-F6)) -> 0
A7: Search - Dates | B7: =COUNTIFS('Test Cases'!$G$2:$G$670,$A7) -> 10 | C7: =COUNTIFS('Test Cases'!$G$2:$G$670,$A7,'Test Cases'!$C$2:$C$670,"UI") -> 2 | D7: =COUNTIFS('Test Cases'!$G$2:$G$670,$A7,'Test Cases'!$C$2:$C$670,"API") -> 8 | E7: =COUNTIFS('Test Cases'!$G$2:$G$670,$A7,'Test Cases'!$C$2:$C$670,"DB") -> 0 | F7: =COUNTIFS('Test Cases'!$G$2:$G$670,$A7,'Test Cases'!$H$2:$H$670,"Not run") -> 10 | G7: =COUNTIFS('Test Cases'!$G$2:$G$670,$A7,'Test Cases'!$H$2:$H$670,"Passed") -> 0 | H7: =COUNTIFS('Test Cases'!$G$2:$G$670,$A7,'Test Cases'!$H$2:$H$670,"Failed") -> 0 | I7: =COUNTIFS('Test Cases'!$G$2:$G$670,$A7,'Test Cases'!$H$2:$H$670,"Blocked") -> 0 | J7: =COUNTIFS('Test Cases'!$G$2:$G$670,$A7,'Test Cases'!$H$2:$H$670,"Retest Passed") -> 0 | K7: =COUNTIFS('Test Cases'!$G$2:$G$670,$A7,'Test Cases'!$H$2:$H$670,"Retest Failed") -> 0 | L7: =IF(B7=0,0,(B7-F7)/B7) -> 0 | M7: =IF((B7-F7)=0,0,(G7+J7)/(B7-F7)) -> 0
A8: Search - Occupancy | B8: =COUNTIFS('Test Cases'!$G$2:$G$670,$A8) -> 11 | C8: =COUNTIFS('Test Cases'!$G$2:$G$670,$A8,'Test Cases'!$C$2:$C$670,"UI") -> 3 | D8: =COUNTIFS('Test Cases'!$G$2:$G$670,$A8,'Test Cases'!$C$2:$C$670,"API") -> 8 | E8: =COUNTIFS('Test Cases'!$G$2:$G$670,$A8,'Test Cases'!$C$2:$C$670,"DB") -> 0 | F8: =COUNTIFS('Test Cases'!$G$2:$G$670,$A8,'Test Cases'!$H$2:$H$670,"Not run") -> 11 | G8: =COUNTIFS('Test Cases'!$G$2:$G$670,$A8,'Test Cases'!$H$2:$H$670,"Passed") -> 0 | H8: =COUNTIFS('Test Cases'!$G$2:$G$670,$A8,'Test Cases'!$H$2:$H$670,"Failed") -> 0 | I8: =COUNTIFS('Test Cases'!$G$2:$G$670,$A8,'Test Cases'!$H$2:$H$670,"Blocked") -> 0 | J8: =COUNTIFS('Test Cases'!$G$2:$G$670,$A8,'Test Cases'!$H$2:$H$670,"Retest Passed") -> 0 | K8: =COUNTIFS('Test Cases'!$G$2:$G$670,$A8,'Test Cases'!$H$2:$H$670,"Retest Failed") -> 0 | L8: =IF(B8=0,0,(B8-F8)/B8) -> 0 | M8: =IF((B8-F8)=0,0,(G8+J8)/(B8-F8)) -> 0
A9: Search - Prices & Currency | B9: =COUNTIFS('Test Cases'!$G$2:$G$670,$A9) -> 10 | C9: =COUNTIFS('Test Cases'!$G$2:$G$670,$A9,'Test Cases'!$C$2:$C$670,"UI") -> 5 | D9: =COUNTIFS('Test Cases'!$G$2:$G$670,$A9,'Test Cases'!$C$2:$C$670,"API") -> 4 | E9: =COUNTIFS('Test Cases'!$G$2:$G$670,$A9,'Test Cases'!$C$2:$C$670,"DB") -> 1 | F9: =COUNTIFS('Test Cases'!$G$2:$G$670,$A9,'Test Cases'!$H$2:$H$670,"Not run") -> 10 | G9: =COUNTIFS('Test Cases'!$G$2:$G$670,$A9,'Test Cases'!$H$2:$H$670,"Passed") -> 0 | H9: =COUNTIFS('Test Cases'!$G$2:$G$670,$A9,'Test Cases'!$H$2:$H$670,"Failed") -> 0 | I9: =COUNTIFS('Test Cases'!$G$2:$G$670,$A9,'Test Cases'!$H$2:$H$670,"Blocked") -> 0 | J9: =COUNTIFS('Test Cases'!$G$2:$G$670,$A9,'Test Cases'!$H$2:$H$670,"Retest Passed") -> 0 | K9: =COUNTIFS('Test Cases'!$G$2:$G$670,$A9,'Test Cases'!$H$2:$H$670,"Retest Failed") -> 0 | L9: =IF(B9=0,0,(B9-F9)/B9) -> 0 | M9: =IF((B9-F9)=0,0,(G9+J9)/(B9-F9)) -> 0
A10: Sort & Filters | B10: =COUNTIFS('Test Cases'!$G$2:$G$670,$A10) -> 9 | C10: =COUNTIFS('Test Cases'!$G$2:$G$670,$A10,'Test Cases'!$C$2:$C$670,"UI") -> 3 | D10: =COUNTIFS('Test Cases'!$G$2:$G$670,$A10,'Test Cases'!$C$2:$C$670,"API") -> 6 | E10: =COUNTIFS('Test Cases'!$G$2:$G$670,$A10,'Test Cases'!$C$2:$C$670,"DB") -> 0 | F10: =COUNTIFS('Test Cases'!$G$2:$G$670,$A10,'Test Cases'!$H$2:$H$670,"Not run") -> 9 | G10: =COUNTIFS('Test Cases'!$G$2:$G$670,$A10,'Test Cases'!$H$2:$H$670,"Passed") -> 0 | H10: =COUNTIFS('Test Cases'!$G$2:$G$670,$A10,'Test Cases'!$H$2:$H$670,"Failed") -> 0 | I10: =COUNTIFS('Test Cases'!$G$2:$G$670,$A10,'Test Cases'!$H$2:$H$670,"Blocked") -> 0 | J10: =COUNTIFS('Test Cases'!$G$2:$G$670,$A10,'Test Cases'!$H$2:$H$670,"Retest Passed") -> 0 | K10: =COUNTIFS('Test Cases'!$G$2:$G$670,$A10,'Test Cases'!$H$2:$H$670,"Retest Failed") -> 0 | L10: =IF(B10=0,0,(B10-F10)/B10) -> 0 | M10: =IF((B10-F10)=0,0,(G10+J10)/(B10-F10)) -> 0
A11: Rooms & Rate Conditions | B11: =COUNTIFS('Test Cases'!$G$2:$G$670,$A11) -> 11 | C11: =COUNTIFS('Test Cases'!$G$2:$G$670,$A11,'Test Cases'!$C$2:$C$670,"UI") -> 8 | D11: =COUNTIFS('Test Cases'!$G$2:$G$670,$A11,'Test Cases'!$C$2:$C$670,"API") -> 3 | E11: =COUNTIFS('Test Cases'!$G$2:$G$670,$A11,'Test Cases'!$C$2:$C$670,"DB") -> 0 | F11: =COUNTIFS('Test Cases'!$G$2:$G$670,$A11,'Test Cases'!$H$2:$H$670,"Not run") -> 11 | G11: =COUNTIFS('Test Cases'!$G$2:$G$670,$A11,'Test Cases'!$H$2:$H$670,"Passed") -> 0 | H11: =COUNTIFS('Test Cases'!$G$2:$G$670,$A11,'Test Cases'!$H$2:$H$670,"Failed") -> 0 | I11: =COUNTIFS('Test Cases'!$G$2:$G$670,$A11,'Test Cases'!$H$2:$H$670,"Blocked") -> 0 | J11: =COUNTIFS('Test Cases'!$G$2:$G$670,$A11,'Test Cases'!$H$2:$H$670,"Retest Passed") -> 0 | K11: =COUNTIFS('Test Cases'!$G$2:$G$670,$A11,'Test Cases'!$H$2:$H$670,"Retest Failed") -> 0 | L11: =IF(B11=0,0,(B11-F11)/B11) -> 0 | M11: =IF((B11-F11)=0,0,(G11+J11)/(B11-F11)) -> 0
A12: Checkout - Total | B12: =COUNTIFS('Test Cases'!$G$2:$G$670,$A12) -> 8 | C12: =COUNTIFS('Test Cases'!$G$2:$G$670,$A12,'Test Cases'!$C$2:$C$670,"UI") -> 6 | D12: =COUNTIFS('Test Cases'!$G$2:$G$670,$A12,'Test Cases'!$C$2:$C$670,"API") -> 2 | E12: =COUNTIFS('Test Cases'!$G$2:$G$670,$A12,'Test Cases'!$C$2:$C$670,"DB") -> 0 | F12: =COUNTIFS('Test Cases'!$G$2:$G$670,$A12,'Test Cases'!$H$2:$H$670,"Not run") -> 8 | G12: =COUNTIFS('Test Cases'!$G$2:$G$670,$A12,'Test Cases'!$H$2:$H$670,"Passed") -> 0 | H12: =COUNTIFS('Test Cases'!$G$2:$G$670,$A12,'Test Cases'!$H$2:$H$670,"Failed") -> 0 | I12: =COUNTIFS('Test Cases'!$G$2:$G$670,$A12,'Test Cases'!$H$2:$H$670,"Blocked") -> 0 | J12: =COUNTIFS('Test Cases'!$G$2:$G$670,$A12,'Test Cases'!$H$2:$H$670,"Retest Passed") -> 0 | K12: =COUNTIFS('Test Cases'!$G$2:$G$670,$A12,'Test Cases'!$H$2:$H$670,"Retest Failed") -> 0 | L12: =IF(B12=0,0,(B12-F12)/B12) -> 0 | M12: =IF((B12-F12)=0,0,(G12+J12)/(B12-F12)) -> 0
A13: Checkout - Guest & Payment Data | B13: =COUNTIFS('Test Cases'!$G$2:$G$670,$A13) -> 13 | C13: =COUNTIFS('Test Cases'!$G$2:$G$670,$A13,'Test Cases'!$C$2:$C$670,"UI") -> 8 | D13: =COUNTIFS('Test Cases'!$G$2:$G$670,$A13,'Test Cases'!$C$2:$C$670,"API") -> 3 | E13: =COUNTIFS('Test Cases'!$G$2:$G$670,$A13,'Test Cases'!$C$2:$C$670,"DB") -> 2 | F13: =COUNTIFS('Test Cases'!$G$2:$G$670,$A13,'Test Cases'!$H$2:$H$670,"Not run") -> 13 | G13: =COUNTIFS('Test Cases'!$G$2:$G$670,$A13,'Test Cases'!$H$2:$H$670,"Passed") -> 0 | H13: =COUNTIFS('Test Cases'!$G$2:$G$670,$A13,'Test Cases'!$H$2:$H$670,"Failed") -> 0 | I13: =COUNTIFS('Test Cases'!$G$2:$G$670,$A13,'Test Cases'!$H$2:$H$670,"Blocked") -> 0 | J13: =COUNTIFS('Test Cases'!$G$2:$G$670,$A13,'Test Cases'!$H$2:$H$670,"Retest Passed") -> 0 | K13: =COUNTIFS('Test Cases'!$G$2:$G$670,$A13,'Test Cases'!$H$2:$H$670,"Retest Failed") -> 0 | L13: =IF(B13=0,0,(B13-F13)/B13) -> 0 | M13: =IF((B13-F13)=0,0,(G13+J13)/(B13-F13)) -> 0
A14: Booking & Confirmation | B14: =COUNTIFS('Test Cases'!$G$2:$G$670,$A14) -> 15 | C14: =COUNTIFS('Test Cases'!$G$2:$G$670,$A14,'Test Cases'!$C$2:$C$670,"UI") -> 4 | D14: =COUNTIFS('Test Cases'!$G$2:$G$670,$A14,'Test Cases'!$C$2:$C$670,"API") -> 10 | E14: =COUNTIFS('Test Cases'!$G$2:$G$670,$A14,'Test Cases'!$C$2:$C$670,"DB") -> 1 | F14: =COUNTIFS('Test Cases'!$G$2:$G$670,$A14,'Test Cases'!$H$2:$H$670,"Not run") -> 15 | G14: =COUNTIFS('Test Cases'!$G$2:$G$670,$A14,'Test Cases'!$H$2:$H$670,"Passed") -> 0 | H14: =COUNTIFS('Test Cases'!$G$2:$G$670,$A14,'Test Cases'!$H$2:$H$670,"Failed") -> 0 | I14: =COUNTIFS('Test Cases'!$G$2:$G$670,$A14,'Test Cases'!$H$2:$H$670,"Blocked") -> 0 | J14: =COUNTIFS('Test Cases'!$G$2:$G$670,$A14,'Test Cases'!$H$2:$H$670,"Retest Passed") -> 0 | K14: =COUNTIFS('Test Cases'!$G$2:$G$670,$A14,'Test Cases'!$H$2:$H$670,"Retest Failed") -> 0 | L14: =IF(B14=0,0,(B14-F14)/B14) -> 0 | M14: =IF((B14-F14)=0,0,(G14+J14)/(B14-F14)) -> 0
A15: My Bookings | B15: =COUNTIFS('Test Cases'!$G$2:$G$670,$A15) -> 9 | C15: =COUNTIFS('Test Cases'!$G$2:$G$670,$A15,'Test Cases'!$C$2:$C$670,"UI") -> 5 | D15: =COUNTIFS('Test Cases'!$G$2:$G$670,$A15,'Test Cases'!$C$2:$C$670,"API") -> 4 | E15: =COUNTIFS('Test Cases'!$G$2:$G$670,$A15,'Test Cases'!$C$2:$C$670,"DB") -> 0 | F15: =COUNTIFS('Test Cases'!$G$2:$G$670,$A15,'Test Cases'!$H$2:$H$670,"Not run") -> 9 | G15: =COUNTIFS('Test Cases'!$G$2:$G$670,$A15,'Test Cases'!$H$2:$H$670,"Passed") -> 0 | H15: =COUNTIFS('Test Cases'!$G$2:$G$670,$A15,'Test Cases'!$H$2:$H$670,"Failed") -> 0 | I15: =COUNTIFS('Test Cases'!$G$2:$G$670,$A15,'Test Cases'!$H$2:$H$670,"Blocked") -> 0 | J15: =COUNTIFS('Test Cases'!$G$2:$G$670,$A15,'Test Cases'!$H$2:$H$670,"Retest Passed") -> 0 | K15: =COUNTIFS('Test Cases'!$G$2:$G$670,$A15,'Test Cases'!$H$2:$H$670,"Retest Failed") -> 0 | L15: =IF(B15=0,0,(B15-F15)/B15) -> 0 | M15: =IF((B15-F15)=0,0,(G15+J15)/(B15-F15)) -> 0
... A22: Accessibility & Responsive | B22: =COUNTIFS('Test Cases'!$G$2:$G$670,$A22) -> 5 | C22: =COUNTIFS('Test Cases'!$G$2:$G$670,$A22,'Test Cases'!$C$2:$C$670,"UI") -> 5 | D22: =COUNTIFS('Test Cases'!$G$2:$G$670,$A22,'Test Cases'!$C$2:$C$670,"API") -> 0 | E22: =COUNTIFS('Test Cases'!$G$2:$G$670,$A22,'Test Cases'!$C$2:$C$670,"DB") -> 0 | F22: =COUNTIFS('Test Cases'!$G$2:$G$670,$A22,'Test Cases'!$H$2:$H$670,"Not run") -> 5 | G22: =COUNTIFS('Test Cases'!$G$2:$G$670,$A22,'Test Cases'!$H$2:$H$670,"Passed") -> 0 | H22: =COUNTIFS('Test Cases'!$G$2:$G$670,$A22,'Test Cases'!$H$2:$H$670,"Failed") -> 0 | I22: =COUNTIFS('Test Cases'!$G$2:$G$670,$A22,'Test Cases'!$H$2:$H$670,"Blocked") -> 0 | J22: =COUNTIFS('Test Cases'!$G$2:$G$670,$A22,'Test Cases'!$H$2:$H$670,"Retest Passed") -> 0 | K22: =COUNTIFS('Test Cases'!$G$2:$G$670,$A22,'Test Cases'!$H$2:$H$670,"Retest Failed") -> 0 | L22: =IF(B22=0,0,(B22-F22)/B22) -> 0 | M22: =IF((B22-F22)=0,0,(G22+J22)/(B22-F22)) -> 0
A23: TOTAL | B23: =SUM(B4:B22) -> 173 | C23: =SUM(C4:C22) -> 70 | D23: =SUM(D4:D22) -> 90 | E23: =SUM(E4:E22) -> 13 | F23: =SUM(F4:F22) -> 173 | G23: =SUM(G4:G22) -> 0 | H23: =SUM(H4:H22) -> 0 | I23: =SUM(I4:I22) -> 0 | ... K23: =SUM(K4:K22) -> 0 | L23: =IF(B23=0,0,(B23-F23)/B23) -> 0 | M23: =IF((B23-F23)=0,0,(G23+J23)/(B23-F23)) -> 0
A25: Executed % = (Total − Not run) / Total. Pass % = (Passed + Retest Passed) / executed cases.

Sheet Oracles & PO Decisions
A1: ID | B1: Source | C1: Rule used as expected result | D1: Link / basis
A2: REF-LFPC-01 | B2: LFPC (México) art. 7 Bis | C2: Total amount to pay displayed notoriously, including taxes and any other charge. | D2: https://www.diputados.gob.mx/LeyesBiblio/pdf/LFPC.pdf
A3: REF-LFPC-02 | B3: LFPC (México) art. 7 | C3: Inform and honour prices, rates, terms, reservations and conditions offered. | D3: https://www.diputados.gob.mx/LeyesBiblio/pdf/LFPC.pdf
A4: REF-FTC-01 | B4: FTC 16 CFR Part 464 (effective 2025-05-12) | C4: Short-term lodging: total price disclosed clearly and prominently; no misrepresentation of fees or refundability. | D4: https://www.ftc.gov/business-guidance/resources/rule-unfair-or-deceptive-fees-frequently-asked-questions
A5: REF-BKG-01 | B5: Booking.com for Partners | C5: Default max length of stay 30 nights (extendable to 45/60/75/90); min/max stay and advance-reservation restrictions. | D5: https://partner.booking.com/en-us/help/reservations/restrictions/setting-length-stay-and-advance-reservation-restrictions
A6: REF-BKG-02 | B6: Booking.com FAQ | C6: Free cancellation within the stated time frame; non-refundable means a fee applies; policy shown during booking and in confirmation; changes from confirmation email or site. | D6: https://secure.booking.com/faq.en-us.html
A7: REF-BKG-03 | B7: Booking.com FAQ (payments by Booking.com) | C7: Non-refundable bookings cannot be cancelled or changed online; cancellation confirmation email. | D7: https://www.booking.com/tpi_faq.html
A8: REF-BKG-04 | B8: Booking.com Demand API — child policies | C8: Search requires adults, ages of all children, rooms and allocation per room; default child ages 0–17. | D8: https://developers.booking.com/demand/docs/accommodations/child-policies
A9: REF-BKG-05 | B9: Booking.com for Partners — policies | C9: Recommend free cancellation until 1–2 days before check-in; flexible, partially refundable, non-refundable; guests cancel via confirmation email link or account. | D9: https://partner.booking.com/en-us/solutions/cancellation-deposit-and-prepayment-policies
A10: REF-EXP-01 | B10: Expedia Group Rapid — launch requirements | C10: Show cancellation policy or non-refundable tag before confirmation; penalties with dates and type (amount, nights, percent). | D10: https://developers.expediagroup.com/rapid/setup/launch-requirements/lodging-launch-reqs
A11: REF-EXP-02 | B11: Expedia Group Rapid — Shopping API | C11: Maximum 8 rooms per request; jurisdiction-specific price display. | D11: https://developers.expediagroup.com/rapid/lodging/shopping/about-shopping-api
A12: REF-EXP-03 | B12: Expedia Group Rapid — launch requirements | C12: Child ages affect eligibility and price; typically 17 or younger; some properties do not allow under 18. | D12: https://developers.expediagroup.com/rapid/setup/launch-requirements/lodging-launch-reqs
... A32: PO-11 | B32: Product Owner (proposed) | C32: Emails normalised to lower case. | D32: CONS
